<?xml version="1.0" encoding="utf-8" ?>
<dwsync>
<file name="01.jpg" server="ftp.magicbytes.nl/public_html/" local="132498439532555654" remote="132126336000000000" Dst="1" />
<file name="02.jpg" server="ftp.magicbytes.nl/public_html/" local="132498439532595646" remote="132126336000000000" Dst="1" />
<file name="03.jpg" server="ftp.magicbytes.nl/public_html/" local="132498439533265928" remote="132126336000000000" Dst="1" />
<file name="04.jpg" server="ftp.magicbytes.nl/public_html/" local="132498439533305653" remote="132126336000000000" Dst="1" />
<file name="05.jpg" server="ftp.magicbytes.nl/public_html/" local="132498439533935638" remote="132126336000000000" Dst="1" />
<file name="06.jpg" server="ftp.magicbytes.nl/public_html/" local="132498439533975656" remote="132126336000000000" Dst="1" />
<file name="07.jpg" server="ftp.magicbytes.nl/public_html/" local="132498439534566040" remote="132126336000000000" Dst="1" />
<file name="08.jpg" server="ftp.magicbytes.nl/public_html/" local="132498439534615987" remote="132126336000000000" Dst="1" />
</dwsync>