<?xml version="1.0" encoding="utf-8" ?>
<dwsync>
<file name="01.jpg" server="ftp.magicbytes.nl/public_html/" local="132498439500791513" remote="132126336000000000" Dst="1" />
<file name="02.jpg" server="ftp.magicbytes.nl/public_html/" local="132498439500821512" remote="132126336000000000" Dst="1" />
<file name="04.jpg" server="ftp.magicbytes.nl/public_html/" local="132498439501375885" remote="132126336000000000" Dst="1" />
<file name="06.jpg" server="ftp.magicbytes.nl/public_html/" local="132498439501415610" remote="132126336000000000" Dst="1" />
<file name="07.jpg" server="ftp.magicbytes.nl/public_html/" local="132498439502205625" remote="132126336000000000" Dst="1" />
<file name="08.jpg" server="ftp.magicbytes.nl/public_html/" local="132498439502235618" remote="132126336000000000" Dst="1" />
<file name="th01.jpg" server="ftp.magicbytes.nl/public_html/" local="132498439502695622" remote="132126336000000000" Dst="1" />
<file name="th02.jpg" server="ftp.magicbytes.nl/public_html/" local="132498439502735612" remote="132126336000000000" Dst="1" />
<file name="th03.jpg" server="ftp.magicbytes.nl/public_html/" local="132498439503707204" remote="132126336000000000" Dst="1" />
<file name="th04.jpg" server="ftp.magicbytes.nl/public_html/" local="132498439503757147" remote="132126336000000000" Dst="1" />
<file name="th05.jpg" server="ftp.magicbytes.nl/public_html/" local="132498439504338159" remote="132126336000000000" Dst="1" />
<file name="th06.jpg" server="ftp.magicbytes.nl/public_html/" local="132498439504438953" remote="132126336000000000" Dst="1" />
<file name="th07.jpg" server="ftp.magicbytes.nl/public_html/" local="132498439505032892" remote="132126336000000000" Dst="1" />
<file name="th08.jpg" server="ftp.magicbytes.nl/public_html/" local="132498439504992922" remote="132126336000000000" Dst="1" />
</dwsync>