<?xml version="1.0" encoding="utf-8" ?>
<dwsync>
<file name="01.jpg" server="ftp.magicbytes.nl/public_html/" local="132498439541015659" remote="132126336000000000" Dst="1" />
<file name="02.jpg" server="ftp.magicbytes.nl/public_html/" local="132498439541045653" remote="132126336000000000" Dst="1" />
<file name="03.jpg" server="ftp.magicbytes.nl/public_html/" local="132498439541905665" remote="132126336000000000" Dst="1" />
<file name="04.jpg" server="ftp.magicbytes.nl/public_html/" local="132498439541875665" remote="132126336000000000" Dst="1" />
<file name="05.jpg" server="ftp.magicbytes.nl/public_html/" local="132498439542516028" remote="132126336000000000" Dst="1" />
<file name="th01.jpg" server="ftp.magicbytes.nl/public_html/" local="132498439542565965" remote="132126336000000000" Dst="1" />
<file name="th02.jpg" server="ftp.magicbytes.nl/public_html/" local="132498439542995660" remote="132126336000000000" Dst="1" />
<file name="th03.jpg" server="ftp.magicbytes.nl/public_html/" local="132498439543035969" remote="132126336000000000" Dst="1" />
<file name="th04.jpg" server="ftp.magicbytes.nl/public_html/" local="132498439543785962" remote="132126336000000000" Dst="1" />
<file name="th05.jpg" server="ftp.magicbytes.nl/public_html/" local="132498439543835666" remote="132126336000000000" Dst="1" />
</dwsync>