<?xml version="1.0" encoding="utf-8" ?>
<dwsync>
<file name="02.jpg" server="ftp.magicbytes.nl/public_html/" local="132498439519158295" remote="132126336000000000" Dst="1" />
<file name="01.jpg" server="ftp.magicbytes.nl/public_html/" local="132498439519118311" remote="132126336000000000" Dst="1" />
<file name="03.jpg" server="ftp.magicbytes.nl/public_html/" local="132498439519938296" remote="132126336000000000" Dst="1" />
<file name="04.jpg" server="ftp.magicbytes.nl/public_html/" local="132498439519898310" remote="132126336000000000" Dst="1" />
<file name="05.jpg" server="ftp.magicbytes.nl/public_html/" local="132498439520658317" remote="132126336000000000" Dst="1" />
<file name="06.jpg" server="ftp.magicbytes.nl/public_html/" local="132498439520698307" remote="132126336000000000" Dst="1" />
<file name="07.jpg" server="ftp.magicbytes.nl/public_html/" local="132498439521748295" remote="132126336000000000" Dst="1" />
<file name="08.jpg" server="ftp.magicbytes.nl/public_html/" local="132498439521848325" remote="132126336000000000" Dst="1" />
<file name="09.jpg" server="ftp.magicbytes.nl/public_html/" local="132498439522558296" remote="132126336000000000" Dst="1" />
<file name="10.jpg" server="ftp.magicbytes.nl/public_html/" local="132498439522608636" remote="132126336000000000" Dst="1" />
<file name="11.jpg" server="ftp.magicbytes.nl/public_html/" local="132498439523468304" remote="132126336000000000" Dst="1" />
<file name="12.jpg" server="ftp.magicbytes.nl/public_html/" local="132498439523508600" remote="132126336000000000" Dst="1" />
<file name="13.jpg" server="ftp.magicbytes.nl/public_html/" local="132498439524028701" remote="132126336000000000" Dst="1" />
<file name="14.jpg" server="ftp.magicbytes.nl/public_html/" local="132498439524068308" remote="132126336000000000" Dst="1" />
<file name="15.jpg" server="ftp.magicbytes.nl/public_html/" local="132498439524808288" remote="132126336000000000" Dst="1" />
<file name="16.jpg" server="ftp.magicbytes.nl/public_html/" local="132498439525433223" remote="132126336000000000" Dst="1" />
<file name="17.jpg" server="ftp.magicbytes.nl/public_html/" local="132498439525533216" remote="132126336000000000" Dst="1" />
<file name="18.jpg" server="ftp.magicbytes.nl/public_html/" local="132498439526274444" remote="132126336000000000" Dst="1" />
<file name="19.jpg" server="ftp.magicbytes.nl/public_html/" local="132498439526324783" remote="132126336000000000" Dst="1" />
<file name="20.jpg" server="ftp.magicbytes.nl/public_html/" local="132498439526874792" remote="132126336000000000" Dst="1" />
<file name="21.jpg" server="ftp.magicbytes.nl/public_html/" local="132498439526974785" remote="132126336000000000" Dst="1" />
<file name="22.jpg" server="ftp.magicbytes.nl/public_html/" local="132498439527425085" remote="132126336000000000" Dst="1" />
<file name="23.jpg" server="ftp.magicbytes.nl/public_html/" local="132498439527525159" remote="132126336000000000" Dst="1" />
<file name="24.jpg" server="ftp.magicbytes.nl/public_html/" local="132498439528135079" remote="132126336000000000" Dst="1" />
<file name="25.jpg" server="ftp.magicbytes.nl/public_html/" local="132498439528284792" remote="132126336000000000" Dst="1" />
<file name="26.jpg" server="ftp.magicbytes.nl/public_html/" local="132498439528804798" remote="132126336000000000" Dst="1" />
<file name="27.jpg" server="ftp.magicbytes.nl/public_html/" local="132498439528944813" remote="132126336000000000" Dst="1" />
<file name="28.jpg" server="ftp.magicbytes.nl/public_html/" local="132498439529445163" remote="132126336000000000" Dst="1" />
<file name="29.png" server="ftp.magicbytes.nl/public_html/" local="132498439529495086" remote="132126336000000000" Dst="1" />
<file name="30.png" server="ftp.magicbytes.nl/public_html/" local="132498439530085941" remote="132126336000000000" Dst="1" />
<file name="31.png" server="ftp.magicbytes.nl/public_html/" local="132498439530635649" remote="132126336000000000" Dst="1" />
</dwsync>