<?xml version="1.0" encoding="utf-8" ?>
<dwsync>
<file name="paymentfont.css" server="ftp.magicbytes.nl/public_html/" local="132498439461473240" remote="132126336000000000" Dst="1" />
<file name="paymentfont.min.css" server="ftp.magicbytes.nl/public_html/" local="132498439461513228" remote="132126336000000000" Dst="1" />
<file name="styles-a0cd32.min.css" server="ftp.magicbytes.nl/public_html/" local="132498439462563232" remote="132126336000000000" Dst="1" />
<file name="styles-e61923.min.css" server="ftp.magicbytes.nl/public_html/" local="132498439462603223" remote="132126336000000000" Dst="1" />
<file name="styles-ff9900.min.css" server="ftp.magicbytes.nl/public_html/" local="132498439462963231" remote="132126336000000000" Dst="1" />
<file name="styles.css" server="ftp.magicbytes.nl/public_html/" local="132498439463053538" remote="132339744000000000" Dst="1" />
<file name="styles.min.css" server="ftp.magicbytes.nl/public_html/" local="132498439463233602" remote="132126336000000000" Dst="1" />
<file name="styles.min.css.map" server="ftp.magicbytes.nl/public_html/" local="132498439463673271" remote="132126336000000000" Dst="1" />
<file name="vendor.min.css" server="ftp.magicbytes.nl/public_html/" local="132498439463963537" remote="132126336000000000" Dst="1" />
</dwsync>