<?xml version="1.0" encoding="utf-8" ?>
<dwsync>
<file name="_blog.html" server="ftp.magicbytes.nl/public_html/" local="132498439450673224" remote="132126336000000000" Dst="1" />
<file name="_404.html" server="ftp.magicbytes.nl/public_html/" local="132498439449843232" remote="132126336000000000" Dst="1" />
<file name="_blog_detail.html" server="ftp.magicbytes.nl/public_html/" local="132498439450153555" remote="132126336000000000" Dst="1" />
<file name="_about-us.html" server="ftp.magicbytes.nl/public_html/" local="132498439450193533" remote="132126336000000000" Dst="1" />
<file name="_cart.html" server="ftp.magicbytes.nl/public_html/" local="132498439450573418" remote="132126336000000000" Dst="1" />
<file name="_categories.html" server="ftp.magicbytes.nl/public_html/" local="132498439450623228" remote="132126336000000000" Dst="1" />
<file name="_categories2.html" server="ftp.magicbytes.nl/public_html/" local="132498439450883229" remote="132126336000000000" Dst="1" />
<file name="_checkout.html" server="ftp.magicbytes.nl/public_html/" local="132498439450933240" remote="132126336000000000" Dst="1" />
<file name="_checkout_step1.html" server="ftp.magicbytes.nl/public_html/" local="132498439450983244" remote="132126336000000000" Dst="1" />
<file name="_checkout_step2.html" server="ftp.magicbytes.nl/public_html/" local="132498439451193239" remote="132126336000000000" Dst="1" />
<file name="_coming_soon.html" server="ftp.magicbytes.nl/public_html/" local="132498439451433245" remote="132126336000000000" Dst="1" />
<file name="_checkout_step3.html" server="ftp.magicbytes.nl/public_html/" local="132498439451483240" remote="132126336000000000" Dst="1" />
<file name="_compare.html" server="ftp.magicbytes.nl/public_html/" local="132498439451603224" remote="132126336000000000" Dst="1" />
<file name="_contact.html" server="ftp.magicbytes.nl/public_html/" local="132498439451763235" remote="132126336000000000" Dst="1" />
<file name="_customer_addresses.html" server="ftp.magicbytes.nl/public_html/" local="132498439451823238" remote="132126336000000000" Dst="1" />
<file name="_customer_dashboard.html" server="ftp.magicbytes.nl/public_html/" local="132498439452013546" remote="132126336000000000" Dst="1" />
<file name="_customer_invoices.html" server="ftp.magicbytes.nl/public_html/" local="132498439452183222" remote="132126336000000000" Dst="1" />
<file name="_customer_orders.html" server="ftp.magicbytes.nl/public_html/" local="132498439452233242" remote="132126336000000000" Dst="1" />
<file name="_customer_wishlist.html" server="ftp.magicbytes.nl/public_html/" local="132498439452353224" remote="132126336000000000" Dst="1" />
<file name="_empty_cart.html" server="ftp.magicbytes.nl/public_html/" local="132498439452513535" remote="132126336000000000" Dst="1" />
<file name="_empty_search.html" server="ftp.magicbytes.nl/public_html/" local="132498439452563236" remote="132126336000000000" Dst="1" />
<file name="_faq.html" server="ftp.magicbytes.nl/public_html/" local="132498439452763233" remote="132126336000000000" Dst="1" />
<file name="_faq_questions.html" server="ftp.magicbytes.nl/public_html/" local="132498439453073535" remote="132126336000000000" Dst="1" />
<file name="_header-footer.html" server="ftp.magicbytes.nl/public_html/" local="132498439453113591" remote="132126336000000000" Dst="1" />
<file name="_index.html" server="ftp.magicbytes.nl/public_html/" local="132498439453363652" remote="132126336000000000" Dst="1" />
<file name="_login.html" server="ftp.magicbytes.nl/public_html/" local="132498439454803223" remote="132126336000000000" Dst="1" />
<file name="_privacy_policy.html" server="ftp.magicbytes.nl/public_html/" local="132498439455393571" remote="132126336000000000" Dst="1" />
<file name="_product_detail.html" server="ftp.magicbytes.nl/public_html/" local="132498439455484416" remote="132126336000000000" Dst="1" />
<file name="_promotions.html" server="ftp.magicbytes.nl/public_html/" local="132498439455923244" remote="132338880000000000" Dst="1" />
<file name="_register.html" server="ftp.magicbytes.nl/public_html/" local="132498439455983289" remote="132126336000000000" Dst="1" />
<file name="_reset_password.html" server="ftp.magicbytes.nl/public_html/" local="132498439456683257" remote="132126336000000000" Dst="1" />
<file name="_return_policy.html" server="ftp.magicbytes.nl/public_html/" local="132498439456823238" remote="132126336000000000" Dst="1" />
<file name="_sample-invoice.html" server="ftp.magicbytes.nl/public_html/" local="132498439457303230" remote="132126336000000000" Dst="1" />
<file name="_sample-page.html" server="ftp.magicbytes.nl/public_html/" local="132498439457353550" remote="132126336000000000" Dst="1" />
<file name="_search_results.html" server="ftp.magicbytes.nl/public_html/" local="132498439457943225" remote="132126336000000000" Dst="1" />
<file name="_shop-grid.html" server="ftp.magicbytes.nl/public_html/" local="132498439457993231" remote="132126336000000000" Dst="1" />
<file name="_shop-list.html" server="ftp.magicbytes.nl/public_html/" local="132498439458813235" remote="132126336000000000" Dst="1" />
<file name="_terms_and_conditions.html" server="ftp.magicbytes.nl/public_html/" local="132498439459423530" remote="132126336000000000" Dst="1" />
<file name="_shop.html" server="ftp.magicbytes.nl/public_html/" local="132498439458853533" remote="132126336000000000" Dst="1" />
<file name="_transaction_failed.html" server="ftp.magicbytes.nl/public_html/" local="132498439459573224" remote="132126336000000000" Dst="1" />
<file name="_transaction_success.html" server="ftp.magicbytes.nl/public_html/" local="132498439460133232" remote="132126336000000000" Dst="1" />
<file name="favicon.ico" server="ftp.magicbytes.nl/public_html/" local="132498439465833237" remote="132126336000000000" Dst="1" />
<file name="touch-icon-ipad-retina.png" server="ftp.magicbytes.nl/public_html/" local="132498439553531432" remote="132126336000000000" Dst="1" />
<file name="touch-icon-ipad.png" server="ftp.magicbytes.nl/public_html/" local="132498439553771428" remote="132126336000000000" Dst="1" />
<file name="touch-icon-iphone-retina.png" server="ftp.magicbytes.nl/public_html/" local="132498439554421432" remote="132126336000000000" Dst="1" />
<file name="touch-icon-iphone.png" server="ftp.magicbytes.nl/public_html/" local="132498439554821445" remote="132126336000000000" Dst="1" />
<file name="_index_2.html" server="ftp.magicbytes.nl/public_html/" local="132498439453653259" remote="132340608000000000" Dst="1" />
<file name="_index_3.html" server="ftp.magicbytes.nl/public_html/" local="132498439453703234" remote="132339744000000000" Dst="1" />
<file name="_index_4.html" server="ftp.magicbytes.nl/public_html/" local="132498439454243601" remote="132340608000000000" Dst="1" />
<file name="_index_5.html" server="ftp.magicbytes.nl/public_html/" local="132498439454283239" remote="132340608000000000" Dst="1" />
</dwsync>