<?xml version="1.0" encoding="utf-8" ?>
<dwsync>
<file name="feather.eot" server="ftp.magicbytes.nl/public_html/" local="132498439466743228" remote="132126336000000000" Dst="1" />
<file name="feather.woff" server="ftp.magicbytes.nl/public_html/" local="132498439467263223" remote="132126336000000000" Dst="1" />
<file name="feather.svg" server="ftp.magicbytes.nl/public_html/" local="132498439467033217" remote="132126336000000000" Dst="1" />
<file name="feather.ttf" server="ftp.magicbytes.nl/public_html/" local="132498439467303218" remote="132126336000000000" Dst="1" />
<file name="paymentfont-webfont.eot" server="ftp.magicbytes.nl/public_html/" local="132498439467973215" remote="132126336000000000" Dst="1" />
<file name="paymentfont-webfont.ttf" server="ftp.magicbytes.nl/public_html/" local="132498439468613531" remote="132126336000000000" Dst="1" />
<file name="socicon.eot" server="ftp.magicbytes.nl/public_html/" local="132498439469263230" remote="132126336000000000" Dst="1" />
<file name="paymentfont-webfont.woff" server="ftp.magicbytes.nl/public_html/" local="132498439468683245" remote="132126336000000000" Dst="1" />
<file name="paymentfont-webfont.svg" server="ftp.magicbytes.nl/public_html/" local="132498439468503218" remote="132126336000000000" Dst="1" />
<file name="socicon.svg" server="ftp.magicbytes.nl/public_html/" local="132498439469363522" remote="132126336000000000" Dst="1" />
<file name="socicon.ttf" server="ftp.magicbytes.nl/public_html/" local="132498439469933227" remote="132126336000000000" Dst="1" />
<file name="socicon.woff" server="ftp.magicbytes.nl/public_html/" local="132498439469973534" remote="132126336000000000" Dst="1" />
</dwsync>