<?xml version="1.0" encoding="utf-8" ?>
<dwsync>
<file name="404-bg.png" server="ftp.magicbytes.nl/public_html/" local="132498439471063614" remote="132126336000000000" Dst="1" />
<file name="coming-soon-bg.jpg" server="ftp.magicbytes.nl/public_html/" local="132498439486414799" remote="132126336000000000" Dst="1" />
<file name="credit-cards-footer.png" server="ftp.magicbytes.nl/public_html/" local="132498439495377437" remote="132126336000000000" Dst="1" />
<file name="credit-cards.png" server="ftp.magicbytes.nl/public_html/" local="132498439495437452" remote="132126336000000000" Dst="1" />
<file name="default-skin.png" server="ftp.magicbytes.nl/public_html/" local="132498439496471514" remote="132126336000000000" Dst="1" />
<file name="default-skin.svg" server="ftp.magicbytes.nl/public_html/" local="132498439496521537" remote="132126336000000000" Dst="1" />
<file name="footer-bg-alt.png" server="ftp.magicbytes.nl/public_html/" local="132498439499111528" remote="132126336000000000" Dst="1" />
<file name="footer-bg.png" server="ftp.magicbytes.nl/public_html/" local="132498439499831558" remote="132126336000000000" Dst="1" />
<file name="loading.gif" server="ftp.magicbytes.nl/public_html/" local="132498439510382527" remote="132126336000000000" Dst="1" />
<file name="map-marker.png" server="ftp.magicbytes.nl/public_html/" local="132498439512834582" remote="132126336000000000" Dst="1" />
<file name="preloader.gif" server="ftp.magicbytes.nl/public_html/" local="132498439512874541" remote="132126336000000000" Dst="1" />
</dwsync>