<?xml version="1.0" encoding="utf-8" ?>
<dwsync>
<file name="blockquote.jpg" server="ftp.magicbytes.nl/public_html/" local="132498439487517400" remote="132126336000000000" Dst="1" />
<file name="img01.jpg" server="ftp.magicbytes.nl/public_html/" local="132498439487617395" remote="132126336000000000" Dst="1" />
<file name="img02.jpg" server="ftp.magicbytes.nl/public_html/" local="132498439488227763" remote="132126336000000000" Dst="1" />
<file name="img03.jpg" server="ftp.magicbytes.nl/public_html/" local="132498439488367423" remote="132126336000000000" Dst="1" />
<file name="img04.jpg" server="ftp.magicbytes.nl/public_html/" local="132498439488787416" remote="132126336000000000" Dst="1" />
<file name="img05.jpg" server="ftp.magicbytes.nl/public_html/" local="132498439488837392" remote="132126336000000000" Dst="1" />
<file name="img06.jpg" server="ftp.magicbytes.nl/public_html/" local="132498439489807417" remote="132126336000000000" Dst="1" />
<file name="img07.jpg" server="ftp.magicbytes.nl/public_html/" local="132498439489997392" remote="132126336000000000" Dst="1" />
<file name="img08.jpg" server="ftp.magicbytes.nl/public_html/" local="132498439490687397" remote="132126336000000000" Dst="1" />
<file name="img09.jpg" server="ftp.magicbytes.nl/public_html/" local="132498439490737408" remote="132126336000000000" Dst="1" />
<file name="img10.jpg" server="ftp.magicbytes.nl/public_html/" local="132498439491417394" remote="132126336000000000" Dst="1" />
<file name="img11.jpg" server="ftp.magicbytes.nl/public_html/" local="132498439491457391" remote="132126336000000000" Dst="1" />
<file name="img12.jpg" server="ftp.magicbytes.nl/public_html/" local="132498439492117381" remote="132126336000000000" Dst="1" />
<file name="img13.jpg" server="ftp.magicbytes.nl/public_html/" local="132498439492217395" remote="132126336000000000" Dst="1" />
<file name="img14.jpg" server="ftp.magicbytes.nl/public_html/" local="132498439492697391" remote="132126336000000000" Dst="1" />
<file name="img15.jpg" server="ftp.magicbytes.nl/public_html/" local="132498439493537752" remote="132126336000000000" Dst="1" />
<file name="img16.jpg" server="ftp.magicbytes.nl/public_html/" local="132498439493667408" remote="132126336000000000" Dst="1" />
<file name="img17.jpg" server="ftp.magicbytes.nl/public_html/" local="132498439494397392" remote="132126336000000000" Dst="1" />
<file name="video_popup.jpg" server="ftp.magicbytes.nl/public_html/" local="132498439494427388" remote="132126336000000000" Dst="1" />
</dwsync>