<?xml version="1.0" encoding="utf-8" ?>
<dwsync>
<file name="01.jpg" server="ftp.magicbytes.nl/public_html/" local="132498439544995652" remote="132126336000000000" Dst="1" />
<file name="02.jpg" server="ftp.magicbytes.nl/public_html/" local="132498439545045640" remote="132126336000000000" Dst="1" />
<file name="03.jpg" server="ftp.magicbytes.nl/public_html/" local="132498439545705644" remote="132126336000000000" Dst="1" />
<file name="04.jpg" server="ftp.magicbytes.nl/public_html/" local="132498439545805944" remote="132126336000000000" Dst="1" />
<file name="05.jpg" server="ftp.magicbytes.nl/public_html/" local="132498439546185665" remote="132126336000000000" Dst="1" />
<file name="06.jpg" server="ftp.magicbytes.nl/public_html/" local="132498439546235653" remote="132126336000000000" Dst="1" />
<file name="07.jpg" server="ftp.magicbytes.nl/public_html/" local="132498439546895638" remote="132126336000000000" Dst="1" />
<file name="08.jpg" server="ftp.magicbytes.nl/public_html/" local="132498439546935662" remote="132126336000000000" Dst="1" />
<file name="09.jpg" server="ftp.magicbytes.nl/public_html/" local="132498439547665662" remote="132126336000000000" Dst="1" />
<file name="10.jpg" server="ftp.magicbytes.nl/public_html/" local="132498439547715651" remote="132126336000000000" Dst="1" />
<file name="promo.jpg" server="ftp.magicbytes.nl/public_html/" local="132498439548255641" remote="132126336000000000" Dst="1" />
</dwsync>