<?xml version="1.0" encoding="utf-8" ?>
<dwsync>
<file name="01-1.jpg" server="ftp.magicbytes.nl/public_html/" local="132498439535725663" remote="132126336000000000" Dst="1" />
<file name="01.jpg" server="ftp.magicbytes.nl/public_html/" local="132498439535835640" remote="132126336000000000" Dst="1" />
<file name="02-1.jpg" server="ftp.magicbytes.nl/public_html/" local="132498439536215643" remote="132126336000000000" Dst="1" />
<file name="02.jpg" server="ftp.magicbytes.nl/public_html/" local="132498439536305971" remote="132126336000000000" Dst="1" />
<file name="03-1.jpg" server="ftp.magicbytes.nl/public_html/" local="132498439536975960" remote="132126336000000000" Dst="1" />
<file name="03.jpg" server="ftp.magicbytes.nl/public_html/" local="132498439537075644" remote="132126336000000000" Dst="1" />
<file name="04.jpg" server="ftp.magicbytes.nl/public_html/" local="132498439537706021" remote="132126336000000000" Dst="1" />
<file name="05.jpg" server="ftp.magicbytes.nl/public_html/" local="132498439537805663" remote="132126336000000000" Dst="1" />
<file name="06.jpg" server="ftp.magicbytes.nl/public_html/" local="132498439538205663" remote="132126336000000000" Dst="1" />
<file name="07.jpg" server="ftp.magicbytes.nl/public_html/" local="132498439538255656" remote="132126336000000000" Dst="1" />
<file name="08.jpg" server="ftp.magicbytes.nl/public_html/" local="132498439539085651" remote="132126336000000000" Dst="1" />
<file name="09.jpg" server="ftp.magicbytes.nl/public_html/" local="132498439539035656" remote="132126336000000000" Dst="1" />
<file name="10.jpg" server="ftp.magicbytes.nl/public_html/" local="132498439539746011" remote="132126336000000000" Dst="1" />
<file name="11.jpg" server="ftp.magicbytes.nl/public_html/" local="132498439539855660" remote="132126336000000000" Dst="1" />
<file name="12.jpg" server="ftp.magicbytes.nl/public_html/" local="132498439540345951" remote="132126336000000000" Dst="1" />
</dwsync>