<?xml version="1.0" encoding="utf-8" ?>
<dwsync>
<file name="about-01.jpg" server="ftp.magicbytes.nl/public_html/" local="132498439472733248" remote="132126336000000000" Dst="1" />
<file name="about-02.jpg" server="ftp.magicbytes.nl/public_html/" local="132498439472763237" remote="132126336000000000" Dst="1" />
<file name="about-03.jpg" server="ftp.magicbytes.nl/public_html/" local="132498439473453529" remote="132126336000000000" Dst="1" />
<file name="about-04.jpg" server="ftp.magicbytes.nl/public_html/" local="132498439473593565" remote="132126336000000000" Dst="1" />
<file name="about-05.jpg" server="ftp.magicbytes.nl/public_html/" local="132498439474173542" remote="132126336000000000" Dst="1" />
<file name="alert-bg.jpg" server="ftp.magicbytes.nl/public_html/" local="132498439474213236" remote="132126336000000000" Dst="1" />
<file name="mega-menu.jpg" server="ftp.magicbytes.nl/public_html/" local="132498439474713241" remote="132126336000000000" Dst="1" />
<file name="shop-banner-02.png" server="ftp.magicbytes.nl/public_html/" local="132498439474873532" remote="132126336000000000" Dst="1" />
<file name="shop-banner-bg.jpg" server="ftp.magicbytes.nl/public_html/" local="132498439475403531" remote="132126336000000000" Dst="1" />
<file name="shop-banner-bg-02.jpg" server="ftp.magicbytes.nl/public_html/" local="132498439475473544" remote="132126336000000000" Dst="1" />
<file name="shop-banner-logo.png" server="ftp.magicbytes.nl/public_html/" local="132498439475993529" remote="132126336000000000" Dst="1" />
<file name="shop-banner.png" server="ftp.magicbytes.nl/public_html/" local="132498439476093626" remote="132126336000000000" Dst="1" />
</dwsync>